,L400T,L400T,L400T,L400T,L401T,L401T,L401T,L401T,L404T,L404T,L404T,L404T,L406T,L406T,L406T,L406T,L413T,L413T,L413T,L413T,L414T,L414T,L414T,L414T,L417T,L417T,L417T,L417T,L420T,L420T,L420T,L420T,L439T,L439T,L439T,L439T,L440T,L440T,L440T,L440T,L441T,L441T,L441T,L441T,L442T,L442T,L442T,L442T,L444T,L444T,L444T,L444T,L446T,L446T,L446T,L446T,L447T,L447T,L447T,L447T,L452T,L452T,L452T,L452T,L455T,L455T,L455T,L455T,L456T,L456T,L456T,L456T,L457T,L457T,L457T,L457T,L458T,L458T,L458T,L458T,L459T,L459T,L459T,L459T,L462T,L462T,L462T,L462T,L464T,L464T,L464T,L464T,L466T,L466T,L466T,L466T,L468T,L468T,L468T,L468T
,rpk,rpkm,rpm,tpm,rpk,rpkm,rpm,tpm,rpk,rpkm,rpm,tpm,rpk,rpkm,rpm,tpm,rpk,rpkm,rpm,tpm,rpk,rpkm,rpm,tpm,rpk,rpkm,rpm,tpm,rpk,rpkm,rpm,tpm,rpk,rpkm,rpm,tpm,rpk,rpkm,rpm,tpm,rpk,rpkm,rpm,tpm,rpk,rpkm,rpm,tpm,rpk,rpkm,rpm,tpm,rpk,rpkm,rpm,tpm,rpk,rpkm,rpm,tpm,rpk,rpkm,rpm,tpm,rpk,rpkm,rpm,tpm,rpk,rpkm,rpm,tpm,rpk,rpkm,rpm,tpm,rpk,rpkm,rpm,tpm,rpk,rpkm,rpm,tpm,rpk,rpkm,rpm,tpm,rpk,rpkm,rpm,tpm,rpk,rpkm,rpm,tpm,rpk,rpkm,rpm,tpm
ENSG00000000003,1419.5850992638857,9156.900317127025,41050.38412168046,1414.1247776575226,1327.9054204773588,7847.2595895103905,35179.264739775084,1322.7977374913942,709.1233548962748,3430.7882904016315,15380.223905870514,706.3957680976218,806.8257863038144,4696.773174899812,21055.63414307586,803.722394844007,1196.2971224626367,7002.3596215370735,31391.5781833507,1191.6956603672681,967.2094579522641,5799.487081110862,25999.10058462,963.4891634071369,521.971893821102,2438.756325320989,10932.944606413994,519.964170288907,653.8032567477136,4273.754628010756,19159.241997372224,651.2884543234129,921.7042159268348,6467.418979944811,28993.439287092588,918.1589536896425,2568.8155253178675,18584.03586360022,83312.23277651978,2558.9347799346374,374.30292215034575,3220.862924227668,14439.128489312636,372.8631956174298,991.5235333482043,6235.957845222384,27955.799020131948,987.7097166385432,1013.8300245371403,5819.118058000851,26087.106254017817,1009.9304076765305,806.8257863038144,4749.917793394684,21293.881467788367,803.722394844007,1086.5491858130715,9883.470253720996,44307.59714743123,1082.3698604603696,618.1128708454161,3920.220144510576,17574.34690784091,615.735348662633,1147.2228418469774,6424.247477821765,28799.901443074978,1142.8101400836956,368.72629935311176,2545.309766700803,11410.623684119697,367.30802285793294,1021.6372964532679,6102.897793654006,27359.290808950907,1017.7076495398263,2000.2230649118894,9419.28602669076,42226.65925765467,1992.5293653763372,713.3615882221726,6630.1858691752495,29723.123251512647,710.6176993948393,1282.4001784519296,7391.653717740367,33136.78361663006,1277.4675277739,749.0519741244702,4811.299501075692,21569.055663322328,746.1708050556194,783.8501003792104,6508.8692030027105,29179.26063706115,780.8350830748799,855.4539370956949,5288.970385708778,23710.45423913245,852.1635013068197
ENSG00000000005,,,109.65690290203769,,,,5.909501888085853,,,,19.352279214684508,,,,0.0,,,,766.7903677081748,,,,5.99610253335332,,,,18.68879419899828,,,,0.0,,,,0.0,,,,21.70342986536639,,,,0.0,,,,37.73561172571242,,,,11.479474699237763,,,,11.774333131207282,,,,154.63542424683453,,,,0.0,,,,0.0,,,,0.0,,,,0.0,,,,0.0,,,,0.0,,,,138.33411146271033,,,,0.0,,,,0.0,,,,0.0,
ENSG00000000419,1831.8440292445166,11816.137814502556,14545.665649652645,1824.797986328486,2492.2826969943135,14728.149303531598,18130.351792647398,2482.696329071306,1902.5182778229082,9204.51623086741,11330.759480197781,1895.2003920094521,2651.502843216897,15435.187668261104,19000.716019629417,2641.304047616931,2309.5044679122666,13518.364734153585,16641.10698774306,2300.6211419653596,2385.0528025995127,14301.021151848374,17604.557037925348,2375.878885969151,3034.118602761982,14176.004535592725,17450.661583314646,3022.448105958712,2651.502843216897,17332.23631180929,21335.982899837236,2641.304047616931,914.7034930950447,6418.29627123492,7900.922709890187,911.1851585835367,1377.7416734362307,9967.239927338587,12269.6723505538,1372.4422992519346,1564.5816409423232,13463.16766721443,16573.159398340962,1558.5636016269023,2125.91389114541,13370.443526426941,16459.015981031567,2117.736731805609,2108.854589764419,12104.271453786041,14900.358159610616,2100.7430476757204,2060.926076360682,12133.015090931303,14935.741576936436,2052.998887501272,3276.1982128350933,29800.958856380923,36684.98035220492,3263.5965759923656,4141.348497156783,26265.425895091634,32332.7392768578,4125.419128293846,1402.1121039805037,7851.582812907057,9665.298442688589,1396.7189908660607,2031.681559707555,14024.654400355883,17264.34956683809,2023.8668575643212,2399.675060926076,14334.805204992033,17646.145207345195,2390.4449009376262,1186.0276198212835,5585.14376852465,6875.311979053844,1181.4656585541418,1441.9171405361494,13401.588770051485,16497.355775933378,1436.370920502467,2005.6864337936636,11560.618778819107,14231.121716726324,1997.9717198425865,3055.2396425670186,19624.369837795428,24157.59927032617,3043.4879053576215,2868.3996750609263,23818.378409181638,29320.423821702596,2857.366602982654,3091.795288383428,19115.4812782218,23531.157453491032,3079.902942778811
ENSG00000000457,244.64330728510208,1578.0486701526945,12520.238148991479,243.70230618744785,165.99445424754222,980.9445407876315,7782.813986609069,165.35596973151405,243.38290899924377,1177.5035027588792,9342.312790888947,242.44675592373096,185.6566675069322,1080.762750137861,8574.771659593789,184.9425538454975,161.96117973279556,948.0173477996954,7521.5696374427835,161.33820888762003,142.29896647340559,853.2391933647464,6769.599760155898,141.75162477363656,82.80816738089236,386.8961995444249,3069.6344471854677,82.4896523261995,129.6949836148223,847.7849119486883,6726.325491400893,129.19612213646772,233.04764305520544,1635.2499249567093,12974.072904606533,232.15124376125246,211.74691202419964,1531.8780847750415,12153.92072460518,210.9324443044371,54.827325434837405,471.787125553621,3743.1590541424293,54.6164364716846,180.11091504915552,1132.7659263096177,8987.364859340507,179.4181326851432,178.72447693471136,1025.831555553261,8138.947561759574,178.03702739505462,151.75195361734308,893.3890276010566,7088.148544986783,151.16825175151325,127.67834635744896,1161.3879562422587,9214.452044826081,127.1872417145207,116.20872195613813,737.02359919668,5847.54523602646,115.76173431469701,197.63045122258634,1106.695997931348,8780.526047587315,196.87028135080794,147.7186791025964,1019.6988858771713,8090.290960549477,147.1504909076192,62.263675321401564,371.9410480245252,2950.9802750265826,62.024183027614235,168.8933703050164,795.3387753704493,6310.217843789144,168.24373533806292,95.03403075371817,883.273361219765,7007.890847917615,94.6684898842533,145.07184270229394,836.182685769996,6634.273428899149,144.51383535381373,155.78522813208974,1000.6373606624214,7939.056819495651,155.18601259540728,106.75573481220066,886.4693826369338,7033.248081841432,106.34510733682036,144.56768338795058,893.8110668650302,7091.49700450715,144.01161524832696
ENSG00000000460,116.58632387073737,752.0291291999392,4212.115152648859,116.13788381345027,193.35832886984468,1142.6514095334724,6399.990544796979,192.61459137820313,218.71094447420103,1058.1388161930247,5926.635509497131,217.86969015540055,196.5720407070166,1144.3043881351275,6409.248877944849,195.81594192742534,122.65666845206214,717.9538313298963,4021.259409278749,122.18487929531443,295.8400285663274,1773.8871447538745,9935.541897766452,294.7021033367336,167.2915550794501,781.619361027557,4377.850041115347,166.64808136784518,183.8957329048384,1202.0821729812094,6732.8622508677545,183.1883925388266,119.62149616139975,839.3607421071448,4701.259516542118,119.16138155438234,84.98482413854668,614.8207234371482,3443.610871971467,84.65793674609851,121.76397071951438,1047.774504522032,5868.584999827901,121.29561525386383,208.89126941617567,1313.7733059299983,7358.444286513922,208.0877856994438,230.3160149973219,1321.953433495511,7404.261181008357,229.43012269425856,283.6993394036779,1670.185265621172,9354.707672744185,282.6081123730053,333.86895197286196,3036.9392371276194,17009.8966671518,332.58475150252985,138.54668809141225,878.6963404730819,4921.578202989732,138.01377923313538,160.32851276557759,897.8116597634498,5028.643106335082,159.7118218445304,177.46830923049455,1225.0599470575678,6861.560763469437,176.78569144038218,127.47723620782003,761.5036630853874,4265.182016941255,126.98690511914775,200.3213711837172,943.3369335341797,5283.63016472494,199.55085090151792,176.9326905909659,1644.4628422942562,9210.636379690128,176.25213301551182,209.6054276022139,1208.1491910464047,6766.843619050913,208.7991969326043,310.8373504731298,1996.5658471097581,11182.765309661756,309.641739233104,241.74254597393323,2007.3616266477334,11243.232470853955,240.81270242482645,174.79021603285128,1080.6663412503249,6052.812177343069,174.11789931603033
ENSG00000000938,263.71732260844584,1701.0838140505703,5921.472756710034,262.7029548221414,424.5906348750359,2509.119158457596,8734.243790590892,422.9574806395697,426.6015512783683,2063.928083439134,7184.533658451624,424.96066221228756,417.6960643493249,2431.5331805203364,8464.16700139129,416.0894295331085,318.87388681413387,1866.4841597156078,6497.231359970031,317.64736367383114,66.07296753806378,396.1802880411559,1379.1035826712637,65.81882310358662,372.8813559322034,1742.175730415094,6064.513717574942,371.4470973411106,401.8960068945705,2627.0975277620782,9144.926494139796,400.3501457474682,167.76788279230107,1177.1945605185495,4097.8142651650705,167.12257692388954,257.6845733984487,1864.2130220466968,6489.32552974455,256.69341010398784,174.94972708991668,1505.4359884514222,5240.422675799401,174.27679682645328,344.7285262855501,2168.090303114761,7547.122345142483,343.4025553230606,541.5110600402184,3108.131256544554,10819.404904031591,539.4281806533079,282.3901177822465,1662.4776598645155,5787.0847339883785,281.3039265688072,71.81844297615628,653.2750234332364,2274.050356571096,71.54219902563763,261.9936799770181,1661.6267844020097,5784.122836503397,260.9859420455261,486.06722206262566,2721.8915205352628,9474.904382983252,484.1976030055155,429.76156276931914,2966.6348860616376,10326.856038380562,428.10851896941557,124.38954323470267,743.0588836137124,2586.5879738593326,123.91108871240438,571.1002585463947,2689.3783896060104,9361.726174218522,568.9035666518704,121.22953174375179,1126.7418116768915,3922.1882464472596,120.76323195527632,473.13990232691754,2727.141166081153,9493.178399128496,471.32000718090075,226.6590060327492,1455.872756912948,5067.893066813972,225.78718012491237,289.85923585176675,2406.9089900336035,8378.450194306972,288.74431526747355,516.518241884516,3193.4503618982953,11116.400709767966,514.5314953923859
ENSG00000000971,4991.99466310874,32200.392591765023,144805.1654851673,4972.793351167697,2303.535690460307,13612.748512048332,61216.530058681354,2294.675322942945,1344.0071158550145,6502.400243137268,29241.293893388294,1338.837498973565,4190.126751167445,24391.975638843454,109690.71444787901,4174.009760615302,1772.737380475873,10376.47288416123,46662.99856007305,1765.918686601135,5148.098732488325,30868.527851826264,138815.76974966272,5128.296978613005,3010.2290415832776,14064.387762499427,63247.55176795993,2998.6504340842407,1209.6953524571936,7907.4875471934,35559.97149972872,1205.0423551317328,1800.7560595952857,12635.55457036302,56822.0889029225,1793.8295940913185,3710.918390037803,26846.552338094607,120728.94586441143,3696.6446364776393,773.6268623526796,6657.030791593636,29936.66746979658,770.6511679234005,5665.77718478986,35633.59466160502,160244.2751932378,5643.9842217649675,1492.10584834334,8564.295667321036,38513.637615942695,1486.366581421678,3284.634200578163,19337.188645882,86959.33734053138,3272.00011537699,138.0920613742495,1256.113205630999,5648.741085722602,137.56090120161878,5743.606849010452,36427.3328281345,163813.71572812085,5721.514520348811,7674.894374027129,42978.06757884346,193272.36990205906,7645.373500922174,2150.544807649544,14845.164861419556,66758.70638180374,2142.2729074409904,275.7393818100956,1647.168981315012,7407.318908973609,274.6787721256156,3417.1670002223705,16091.841925381064,72365.01313843865,3404.0231381083345,1041.8056482099178,9682.83855092727,43543.72496351993,1037.7984253294428,4090.949521903491,23579.911131304958,106038.8603574784,4075.2140087056046,1364.46519902157,8764.212575450394,39412.663951800416,1359.2168917441754,1522.7929730931733,12644.841507732199,56863.8522602717,1516.9356705775933,931.2875250166778,5757.822749773887,25892.92890573317,927.7054013403855
ENSG00000001036,1093.9203354297695,7056.230353222749,16829.109392436254,1089.7126575341053,1810.482180293501,10699.047862790236,25517.229152754713,1803.5183040368977,1428.092243186583,6909.209958617971,16478.46575130386,1422.5991995251677,1135.4297693920334,6609.67481876573,15764.074442756268,1131.0624287475496,1488.4696016771488,8712.550787728713,20779.433628732982,1482.7443212901776,2072.9559748427673,12429.656572284619,29644.730924898817,2064.9825139320105,3758.0712788259957,17558.45517878633,41876.915601405395,3743.616155415172,820.5450733752621,5363.705776372634,12792.438276648734,817.3889117647542,596.2264150943396,4183.604638770232,9977.897063467004,593.9330774294739,758.0712788259958,5484.248944316204,13079.933732194144,755.1554177162369,851.1530398322851,7324.140706917402,17468.075585998005,847.8791471039607,1041.0901467505241,6547.695591540456,15616.253985823989,1037.0856759897213,1054.0880503144654,6050.188552176884,14429.699696941869,1050.0335841474666,1223.4800838574424,7202.831043367473,17178.752038431423,1218.774064654856,565.1991614255766,5141.1654182940665,12261.67952263135,563.0251676335661,1312.3689727463313,8323.358931119034,19851.21105071889,1307.3210494755651,875.8909853249476,4904.836486921314,11698.035021307334,872.5219400493468,1175.6813417190776,8115.703183785439,19355.952093328273,1171.1591765908897,848.6373165618448,5069.4574530880445,12090.656025614986,845.373100363752,1758.0712788259957,8278.96474201567,19745.330909707376,1751.3089969492153,758.9098532494759,7053.524423052391,16822.655748979952,755.9907666296399,1833.5429769392033,10568.397439315726,25205.627892768007,1826.490399155478,1429.769392033543,9183.673496868974,21903.0612900325,1424.2698973519734,1063.3123689727463,8829.444721931332,21058.225661806224,1059.2224221948986,1108.1761006289307,6851.462509220991,16340.738084492064,1103.9135890619546
ENSG00000001084,549.4764397905759,3544.346153239561,13539.402305375123,547.3629222015765,581.4136125654451,3435.8648412143143,13125.00369343868,579.1772511718443,1174.34554973822,5681.565743264052,21703.581139268677,1169.8285226280475,2485.0785340314137,14466.382203311236,55261.58001664891,2475.519876350436,767.5392670157069,4492.684860957534,17162.056168857776,764.5869880395533,1089.2670157068062,6531.356712377791,24949.782641283167,1085.07723643676,299.4764397905759,1399.2133876736932,5344.995140913508,298.3245273933318,12914.397905759162,84418.31276929266,322477.954778698,12864.72369746087,309.68586387434556,2173.0053950415436,8300.880609058695,308.4946817362863,685.6020942408377,4959.97232263478,18947.09427246486,682.9649801076363,1329.5811518324608,11440.997072870796,43704.60881836643,1324.467023278612,1953.1413612565445,12283.830675634395,46924.23318092339,1945.6287577636785,7262.565445026178,41685.21813886823,159237.53329047663,7234.630562476576,939.2670157068063,5529.6213710434195,21123.15363738586,935.6541995518132,562.041884816754,5112.44619430172,19529.54446223257,559.8800352390589,2184.8167539267015,13856.632105222208,52932.334641948844,2176.4130293922613,875.6544502617801,4903.511931893693,18731.41557983391,872.2863147995583,5714.659685863874,39448.173719420665,150692.02360818692,5692.678700171707,16985.86387434555,101467.5085981383,387605.8828448884,16920.529094793466,2135.3403141361255,10055.569069271714,38412.27384461795,2127.126896807174,543.979057591623,5055.896364927301,19313.524114022286,541.8866852476779,1094.2408376963351,6307.118083705596,24093.19107975538,1090.031927014097,8197.905759162304,52656.666361537355,201148.46550107267,8166.373164204178,1806.544502617801,15001.033834472059,57303.94924768326,1799.5957723263834,9644.240837696336,59626.94421209163,227774.92689019,9607.145029456064
ENSG00000001167,389.1125785150588,2509.9341317757244,15584.181024195474,387.6158878123492,708.8097922370752,4188.712805518737,26007.71780946584,706.0834115323462,692.0599130294734,3348.234167559162,20789.185946374833,689.3979594079736,711.3866967305524,4141.193812720423,25712.672383181107,708.6504041668652,754.227733934611,4414.767644575754,27411.29230517086,751.3266567157414,777.7419874375906,4663.420701169784,28955.179133563182,774.7504645057261,477.0494443549686,2228.869722074123,13839.052104358227,475.2145114653056,395.07167015622485,2582.4884799826436,16034.670972212236,393.5520582796741,692.5430826220003,4859.439937003124,30172.262568852402,689.8792705269459,480.91480109518443,3479.166885595321,21602.14719266135,479.06500041708387,303.59156063778386,2612.394250488623,16220.355901283861,302.42381975425417,616.3633435335803,3876.474635590847,24069.03101238357,613.9925507689819,767.4343694636817,4404.87171379191,27349.848470933972,764.4824939676506,666.2908680947013,3922.565321614151,24355.208081902263,663.7280330627851,731.1966500241584,6651.112010844113,41296.7544753311,728.384160044729,679.1753905620873,4307.493296646143,26745.225878875903,676.5629962353793,782.5736833628604,4382.275899823943,27209.551062006867,779.5635756954489,360.4445160251248,2488.1407933256814,15448.866185759154,359.05809475332677,474.1504267998067,2832.4059855904156,17586.40876453089,472.32664475147186,1019.4878402319214,4800.888329072782,29808.7156352129,1015.5664610315275,258.49573200193265,2402.532990082372,14917.327335421449,257.501448650174,560.9598969238202,3233.328704465426,20075.737926025835,558.8022091268261,395.07167015622485,2537.6184766531665,15756.07312153951,393.5520582796741,313.0938959574811,2599.843026185614,16142.425349586474,311.88960509404257,647.7693670478338,4004.929839608724,24866.609374130567,645.2777735021807
ENSG00000001460,241.38881234499863,1557.0558562913948,5650.555702481472,240.46032940426818,109.39652796913751,646.4789885836549,2346.072249570084,108.97574289211697,443.923945990631,2147.7350382238046,7794.130453714186,442.2164277057945,255.99338660788095,1490.2137383086858,5407.98565632222,255.00872832941224,219.06861394323505,1282.2878094568962,4653.422460519076,218.22598387716118,279.9669330394048,1678.7104364527345,6092.040173886973,278.8900624140827,526.0402314687242,2457.7644065781014,8919.22703147193,524.0168593981141,207.4951777349132,1356.3460673868858,4922.179878547009,206.6970639742168,264.26012675668227,1854.2618444141476,6729.1162333789425,263.2436711172296,180.21493524386884,1303.760735918951,4731.347710649873,179.52175277441938,365.6654725819785,3146.537987316099,11418.786355970124,364.25896931445646,190.96169743731056,1201.0094114962205,4358.463154319784,190.22717839858203,169.4681730504271,972.7028024292125,3529.938470015612,168.81632715025674,183.52163130338937,1080.4224118743523,3920.8529326920248,182.81572988954633,95.0675117112152,864.753235620863,3138.1894920681125,94.70184205990012,155.96583080738495,989.1727233412502,3589.7078130053974,155.36592059682164,189.58390741251034,1061.6367584431944,3852.6797963903527,188.85468793394577,135.0234224304216,932.0638002997383,3382.4595312877505,134.5040655343509,242.21548635987875,1446.9091549675557,5250.833323377259,241.2838236830499,161.47699090658583,760.4141711791906,2759.5430272092826,160.85588245536658,152.10801873794435,1413.7352684463149,5130.445289191676,151.52294729584023,143.01460457426288,824.3249270821467,2991.4751603811105,142.46451022924106,217.69082391843483,1398.2684629217454,5074.316251943013,216.85349341252493,288.7847891981262,2397.9870893656475,8702.295147307936,287.6740013877546,316.34058969413064,1955.8224448299502,7097.6796522878885,315.12381068047927
ENSG00000001461,421.9478392339675,2721.7348962708106,21602.409871701424,420.3248503025381,370.2910419553988,2188.235611576707,17368.02604908432,368.8667468017795,469.44689429255385,2271.216843703997,18026.64808847862,467.6412040093332,343.8326823736928,2001.552437515312,15886.32169655903,342.51015720383,296.08164293813786,1733.07291496317,13755.399726062678,294.9427883580068,497.92112889000884,2985.586142347527,23696.59721181232,496.0059147195075,336.52513544160263,1572.3122497645334,12479.442326381102,335.2307181720153,233.21154088446517,1524.4477476579782,12099.541773161372,232.31451117049806,644.7020284742346,4523.748577161945,35904.99245693436,642.2222332033704,346.2265339548948,2504.7677657396516,19880.341756675614,344.89480102459686,905.3798664482802,7790.760562147456,61835.266581764365,901.8973945279304,292.93183822603,1842.3270182327783,14622.549543713561,291.80509912015555,333.37533072949475,1913.4868372296282,15187.34502709156,332.0930289341641,385.66208895048504,2270.4569556901524,18020.616857312743,384.178670282493,86.68262567720801,788.4826233190947,6258.186581283656,86.34920782566324,221.49426735542397,1404.7697916283953,11149.657836154573,220.64230720569185,750.1574902356053,4200.750881891875,33341.359749575815,747.2720688866264,245.05480660199066,1691.6080944464893,13426.293445621786,244.11222270481832,212.04485321910042,1266.6805248390128,10053.643325647245,211.22923949213845,238.755197177775,1124.3263474093965,8923.77821938838,237.83684422911605,229.1797908529671,2130.0622796368457,16906.30431347764,228.2982689460486,235.73138465415144,1358.7371516669343,10784.296772780457,234.82466256077896,230.56570492629456,1480.9662071496125,11754.428786146475,229.6788522107031,238.8811893662593,1983.6017318751396,15743.846945892981,237.96235179863012,280.96258032002015,1737.0926736861575,13787.304551047031,279.88188001632125
ENSG00000001497,536.8564300294852,3462.941965886932,15268.111127595483,534.7914543081107,643.0029485144023,3799.827138290631,16753.437852723393,640.5296886199804,767.2941710138354,3712.222759314907,16367.190145819424,764.3428347800332,599.228850079383,3488.2895867424777,15379.868787947586,596.9239637862393,723.2932637786346,4233.697005295154,18666.37009634633,720.5111735481896,580.8573372646858,3482.880151489647,15356.018587917853,578.6231155399541,549.3309140394647,2566.5830999077925,11316.06488749346,547.2179562037363,507.59809480607845,3318.0466515846965,14629.267686836927,505.64565895291577,525.0623724200499,3684.260410623793,16243.904150440305,523.0427616067918,373.78090269902475,2704.1092022472076,11922.417472707937,372.34318407256717,705.6021773644817,6071.680870860855,26770.040959625512,702.8881344962113,431.1635291449308,2711.7032543501664,11955.899648429884,429.50509279244545,798.593785438875,4583.718577457038,20209.615208008083,795.5220577181485,642.0957133136766,3780.124415337697,16666.568547223906,639.6259430275715,912.22499432978,8297.782294514807,36584.922136515794,908.7161931673938,500.7938308006351,3176.154641572337,14003.665814692433,498.8675670098472,517.1240644136992,2895.8044116190727,12767.601650828494,515.1349876732118,591.7441596733953,4084.7972917778297,18009.871259448453,589.4680626488639,700.158766160127,4182.4994095657585,18440.63989677543,697.4656609417565,790.4286686323429,3722.221708243513,16411.27551164565,787.3883473864662,657.9723293263779,6115.3823141503435,26962.720623088862,655.4414908947314,663.1889317305512,3822.56881678541,16853.70591320687,660.638028051084,576.7747788614198,3704.7311823890386,16334.15978315327,574.556260374113,761.1703334089362,6320.542842270372,27867.273391570066,758.2425520312714,490.3606259922885,3031.7270360528028,13366.884501956809,488.474492697142
ENSG00000001561,1172.4806201550387,7562.976089344824,35122.46095891736,1167.970766348744,1020.2411714039621,6029.117128714636,27999.219945750774,1016.3168945749035,2159.9913867355726,10450.189104355099,48530.67820062508,2151.683151009045,374.8923341946598,2182.3599203335593,10134.87947002905,373.45034053501627,2191.214470284238,12825.970606081864,59563.80749464418,2182.7861374407385,284.0223944875108,1703.0273991156394,7908.85924149303,282.92992485105486,951.5503875968992,4445.8323409438735,20646.44539134335,947.8903244251792,277.13178294573646,1811.5438057388594,8412.809433851262,276.0658175006123,2311.1541774332472,16216.918762468844,75311.37073290531,2302.2645060093796,425.49526270456505,3078.2355307180587,14295.325804654662,423.85862888982894,820.4134366925065,7059.627548725661,32784.910336281966,817.2577814120689,493.54005167958655,3104.0059602114866,14415.003679222144,491.6416889754493,520.671834625323,2988.519576093552,13878.684911378456,518.669111667817,798.2342807924203,4699.338169399805,21823.726458692694,795.1639358778319,113.47975882859603,1032.234744111083,4793.69815165187,113.04326792760112,109.81912144702842,696.4992195685273,3234.542375676241,109.39671089767852,1687.3385012919896,9448.800804650036,43880.230936794775,1680.848287439625,287.8983634797588,1987.3562522331745,9229.282435370862,286.79098523567876,203.7037037037037,1216.8534647358078,5651.067490233092,202.92017354745857,607.0198105081826,2858.5277908971934,13275.003060926567,604.6849569030504,111.32644272179157,1034.699680479135,4805.145316145103,110.89823438058784,850.9905254091301,4905.042424819042,22779.017020859632,847.7172577796579,286.8217054263566,1842.3089129809782,8555.682591883664,285.7184684621721,207.14900947459088,1720.1066983973071,7988.175507357093,206.3522272226799,557.4935400516796,3446.786198176611,16006.87510433218,555.3491853217445
ENSG00000001617,120.23583912402611,775.5699844804915,3683.1818562978538,119.77336149547921,230.15371657190988,1360.0938226316778,6459.085563677838,229.2684485368805,159.19140871762477,770.1791475206091,3657.580771575372,158.57909157720186,470.835965466414,2740.8763699924557,13016.421881094171,469.0249322309833,88.43967150979154,517.6693758548339,2458.4118659346063,88.09949532066771,640.5559065066329,3840.8388937588543,18240.143906460802,638.0920589654074,73.9102969046115,345.323582009286,1639.941690962099,73.62600680370088,381.5540113708149,2494.1267959473066,11844.608153953759,380.08639409773787,97.28363866077069,682.6203463549149,3241.7640248394905,96.90944485273448,112.2341545588545,811.9553673222634,3855.9760394134287,111.80245477599021,62.750052642661615,539.9619027523975,2564.2790761711353,62.508689537045186,251.00021057064646,1578.6077481943287,7496.808196174867,250.03475814818074,404.29564118761846,2320.5507920126875,11020.295711268252,402.7405500373381,128.6586649821015,757.4349908578278,3597.0587715838246,128.16378962125705,746.4729416719309,6790.068236718917,32246.03405617814,743.6016926470644,371.8677616340282,2358.4745748100704,11200.395755773025,370.4374017530933,113.70814908401769,636.7457684025248,3023.9056541435907,113.27077969800135,173.7207833228048,1199.190855781623,5694.957374106927,173.05258009416872,491.2613181722468,2934.6203639875675,13936.512108576959,489.3717204359947,291.2192040429564,1371.3855356760712,6512.709908925662,290.09905244877007,305.9591492945883,2843.6715148252056,13504.5960239049,304.78230166888136,90.3348073278585,520.6827210772682,2472.722242395947,89.98734164896773,173.9313539692567,1117.1932862894332,5305.550916588518,173.2623407973132,310.8022741629817,2580.814047920597,12256.285913574917,309.6067978412037,368.91977258370184,2280.9010132352055,10831.99891185399,367.500751909071
ENSG00000001626,100.16474464579902,646.1032751665754,3921.8468802611123,99.77946889187001,23.88797364085667,141.16602533318758,856.8777737724487,23.79609044296242,31.960461285008236,154.62694265439848,938.5855419121987,31.837527902997994,244.81054365733112,1425.1150792414332,8650.4485309955,243.86889929822172,1057.001647446458,6187.012839035237,37555.16793294389,1052.9359743589441,641.6803953871499,3847.58144438405,23354.819367411183,639.2122225885422,0.9884678747940692,4.61831817108689,28.03319129849742,0.9846658114329276,194.89291598023064,1273.9681135580931,7732.986449297625,194.14327582085892,23.55848434925865,165.30529663023995,1003.4031505455566,23.46786850581811,637.3970345963756,4611.233945584985,27990.190049700854,634.9453374056661,29.324546952224054,252.33665156975232,1531.6834750283963,29.21175240584352,372.15815485996706,2340.6026053922114,14207.457814730726,370.7266780044973,160.79077429983525,922.8968127229042,5601.983653228028,160.1723053264229,13.179571663920923,77.59033364881239,470.97332524829125,13.12887748577237,9.060955518945635,82.42027651493264,500.2910784456411,9.026103271468504,5.601317957166392,35.524902533511714,215.6361583784161,5.579772931453257,472.3228995057661,2644.925715549965,16054.699093388286,470.5061468963673,54.85996705107084,378.6971804857684,2298.691885548614,54.64895253452748,44.97528830313015,268.6663737776738,1630.80488883048,44.80229442019821,63.097199341021415,297.1321441603239,1803.592115053166,62.85450096313521,0.0,0.0,0.0,0.0,54.03624382207578,311.46065732955094,1890.5661899903741,53.828397691666716,77.26523887973642,496.28893336418446,3012.4738255205993,76.96804426034052,68.53377265238879,569.0850354767064,3454.346165343608,68.27016292601631,143.65733113673807,888.1826795393808,5391.268864804041,143.10476459491883
ENSG00000001629,901.4195583596214,5814.522175590511,36864.07059324384,897.9523194505475,1291.955835962145,7634.815451941833,48404.72996531122,1286.9864302046255,1347.634069400631,6519.9476975656335,41336.46840256611,1342.4505017297427,984.7003154574132,5732.233780161095,36342.36216622134,980.9127437147451,1120.1892744479496,6556.872867608373,41570.57398063708,1115.8805551597181,1443.3753943217666,8654.626858472593,54870.334282716234,1437.8235652304395,2550.788643533123,11917.79100103313,75558.79494655004,2540.9772371223544,689.7476340694006,4508.7143767487505,28585.249148587078,687.094574445712,715.9305993690851,5023.5455872650955,31849.279023260708,713.1768290439256,708.3596214511041,5124.611121207175,32490.034508453486,705.6349722926351,822.8706624605678,7080.77188638495,44892.09375968058,819.7055556559067,938.9589905362776,5905.365315540642,37440.01610052767,935.3473591756973,893.5331230283912,5128.64543936766,32515.612085590965,890.0962186679532,820.9779179810726,4833.233749837058,30642.70197396695,817.820091468084,978.3911671924291,8899.643130479815,56423.737447242034,974.6278630886696,1181.230283911672,7491.645899498784,47497.0350028223,1176.6867752169992,866.8769716088328,4854.359584990411,30776.639768839214,863.5425980227839,774.2902208201892,5344.90885182887,33886.72212059503,771.3119748351247,1077.4447949526814,6436.271937925959,40805.96408645058,1073.300488918056,1744.794952681388,8216.444958330843,52092.26103581755,1738.0837371412,759.1482649842271,7055.740289649208,44733.39343637597,756.2282613325434,1435.8044164037856,8275.863674060542,52468.975693543834,1430.2817084791488,689.1167192429023,4426.324263215076,28062.895828783578,686.4660863831047,1092.9022082018928,9075.150365379255,57536.45331650447,1088.6984464519412,669.7160883280757,4140.618687226499,26251.522477016006,667.1400784579221
ENSG00000001630,13.275702377276938,85.633670973024,277.36746028162474,13.224638439956182,5.8660080271688795,34.665185512081266,112.28053587363121,5.843444892073662,2.778635381290522,13.443231933633884,43.54262823304015,2.767947580455945,4.322321704229701,25.16152182829326,81.49816920184186,4.305696236264804,13.584439641864773,79.5146371610305,257.5479097645778,13.532188171117953,10.18832973139858,61.09026971307798,197.87138360065958,10.149141128338465,9.879592466810744,46.15941759554993,149.51035359198625,9.841591397176693,16.05433775856746,104.94334432751427,339.9114922768187,15.992586020412126,15.128125964803951,106.15111367086939,343.823457179946,15.069936826926812,21.920345785736338,158.58222912843613,513.6478401470046,21.83603091248579,8.02716887928373,69.07349395315225,223.72904691426015,7.996293010206063,3.704847175054029,23.300779083490223,75.47122345142483,3.69059677394126,3.704847175054029,21.264849705287613,68.87684819542658,3.69059677394126,2.469898116702686,14.54070161309945,47.09733252482913,2.460397849294173,8.335906143871565,75.82508135525728,245.59743850967837,8.303842741367834,8.644643408459402,54.82640279857301,177.58271866457795,8.611392472529609,6.48348255634455,36.30636955679931,117.59633099447298,6.458544354397205,5.8660080271688795,40.49292808593435,131.15659407034136,5.843444892073662,11.732016054337759,70.08289061264357,226.9984826943525,11.686889784147324,11.114541525162087,52.339685266875534,169.52824057940984,11.07179032182378,6.792219820932386,63.128826419305966,204.474268772132,6.766094085558977,10.18832973139858,58.72473086175569,190.20940326122667,10.149141128338465,5.8660080271688795,37.67845552695091,122.040517451794,5.843444892073662,13.275702377276938,110.23767211343656,357.059819975421,13.224638439956182,4.939796233405372,30.541020219764516,98.92236449181726,4.920795698588346
ENSG00000001631,641.7586750788644,4139.60404233314,20996.071702713685,639.2902011836248,615.339116719243,3636.347672065447,18443.55539271595,612.9722635619333,700.7097791798108,3390.0828237869064,17194.50008224719,698.0145545335184,751.5772870662461,4375.155207827585,22190.78721410151,748.6864045812528,713.52523659306,4176.521210200419,21183.315578136524,710.7807183052345,877.5630914826498,5261.9582760164885,26688.65237595563,874.1876145831993,1026.0252365930598,4793.793622416554,24314.121252896763,1022.0787118155401,491.12776025236593,3210.3840362683336,16283.067831952987,489.23867623607043,738.7618296529969,5183.747883752565,26291.96926639301,735.9202408095367,476.9321766561514,3450.354682197772,17500.1989481071,475.0976948274004,641.5615141955836,5520.613311840289,28000.550717653943,639.09379866406,720.031545741325,4528.471806726529,22968.40900371696,717.2620014508749,638.6041009463722,3665.4198098216793,18591.009275415556,636.147760870587,329.8501577287066,1941.8828202395289,9849.22966425489,328.58141523201357,759.2665615141956,6906.4415797754655,35029.47169262116,756.3461028442823,749.0141955835962,4750.427756074891,24094.169578811845,746.1331718269096,580.4416403785489,3250.3717745205086,16485.885640368022,578.2090175989528,715.2996845425868,4937.6984402208045,25044.006488799918,712.5483409813182,953.0757097791798,5693.3352634925495,28876.596456434214,949.4097795765414,727.3264984227129,3425.0661556773734,17371.935541595638,724.5288946747747,606.8611987381704,5640.340902643949,28607.809058210107,604.5269552206444,704.6529968454258,4061.5644253394994,20600.254765321944,701.9426049248157,551.2618296529969,3540.8567864354977,17959.225620800844,549.1414447033533,612.5788643533123,5086.681372714919,25799.64792241007,610.2226282880252,497.2397476340694,3074.2582222047904,15592.637703022696,495.3271543425812
ENSG00000002016,88.8675623800384,573.2318622969792,2986.5380025672616,88.52574034258524,70.82533589251439,418.5424561811285,2180.60619670368,70.55291184970615,46.449136276391556,224.72416362541514,1170.812892488413,46.27047335400783,95.20153550863724,554.1964892255767,2887.3637088652545,94.83535034540446,106.33397312859884,622.4111935507594,3242.762318399457,105.92496792611709,163.72360844529751,981.7035433685954,5114.675460950382,163.09385855772183,52.783109404990405,246.61316721326907,1284.8546011811318,52.580083356827075,171.78502879078695,1122.9174132133203,5850.399722841398,171.12427128858266,127.83109404990402,896.9658916598535,4673.192295547837,127.33940187507937,62.76391554702495,454.06407971687844,2365.6738553249365,62.52249911884529,112.47600767754318,967.8519230160671,5042.50851891371,112.0433776258206,147.0249520153551,924.6794172071566,4817.579763649285,146.4594321866529,155.08637236084454,890.1550438564408,4637.707778492057,154.48984491751375,89.0595009596929,524.3081163992493,2731.6452864400894,88.71694064570096,297.5047984644914,2706.1635721191547,14099.112210740795,296.360469829389,132.05374280230328,837.5165234523556,4363.461087186773,131.54580854362558,95.96928982725528,537.4112558014485,2799.912642725547,95.60015155786742,130.13435700575815,898.314686126795,4680.219514720602,129.6338055124682,116.69865642994242,697.1162616333282,3631.97572310964,116.24978429436678,88.09980806142035,414.87237377878614,2161.4850673874757,87.76093913012228,168.52207293666027,1566.292165258523,8160.382180996905,167.87386613561517,57.58157389635317,331.89566089901706,1729.176393283879,57.36009093472045,73.51247600767755,472.18424269155577,2460.0799044230052,73.22971609332645,110.17274472168906,914.8432650354491,4766.33341083469,109.74897398843179,122.26487523992323,755.9206595643906,3938.3466363304747,121.79459308472309
ENSG00000002079,,,58.053654477549365,,,,0.0,,,,67.73297725139578,,,,98.96206260223654,,,,64.38697744114445,,,,113.92594813371309,,,,4055.468341182627,,,,45.757316268033286,,,,91.21846823141423,,,,86.81371946146557,,,,387.22335042852717,,,,69.18195483047276,,,,109.05500964275875,,,,58.871665656036406,,,,181.92402852568767,,,,234.66287823533514,,,,128.79598156537517,,,,20.708935905843372,,,,59.736442814303295,,,,1111.351799353909,,,,65.05999460931473,,,,2121.123042428225,,,,51.38548103233431,,,,58.126017205301096,,,,92.73971671107869,
ENSG00000002330,17.973856209150327,115.93867088835204,141.9089331673429,17.90472119536399,9.803921568627452,57.93629302044954,70.91402265703024,9.766211561107633,26.143790849673202,126.48548506329745,154.81823371747606,26.043230829620352,16.33986928104575,95.1192451001889,116.42595600263122,16.27701926851272,20.424836601307188,119.5539539534025,146.33403963896467,20.3462740856409,23.69281045751634,142.06452080657377,173.8869734672463,23.601677939343446,20.424836601307188,95.42889194749938,116.80496374373925,20.3462740856409,26.96078431372549,176.23616209676686,215.71306240644262,26.85708179304599,46.568627450980394,326.7629895167554,399.95789916850856,46.389504915261256,97.22222222222223,703.351893785022,860.9027179928668,96.8482646476507,24.50980392156863,210.9059642856902,258.14890028568476,24.41552890276908,16.33986928104575,102.76582713973968,125.7853724190414,16.27701926851272,23.69281045751634,135.99050910044735,166.45238313894757,23.601677939343446,51.470588235294116,303.0159261707756,370.89149363302937,51.27261069581506,40.032679738562095,364.14531853589443,445.7138698879348,39.87869720785616,10.620915032679738,67.3603916503126,82.44911937998262,10.580062524533266,19.607843137254903,109.8004957931587,134.39580685082626,19.532423122215267,11.437908496732026,78.95563798524162,96.64170089393573,11.393913487958905,26.143790849673202,156.1737067040609,191.15661700577053,26.043230829620352,53.10457516339869,250.07569983800022,306.09265660171224,52.90031262266634,58.00653594771242,539.1292737233131,659.8942310373351,57.78341840322016,37.58169934640523,216.61795776432035,265.1403803035281,37.43714431757925,28.594771241830067,183.66950940887472,224.8114795164626,28.484783719897262,39.21568627450981,325.63595072997816,398.5784036934932,39.064846244430534,39.21568627450981,242.45677571523842,296.7670934754518,39.064846244430534
ENSG00000002549,6014.285714285715,38794.58497626711,81468.62845016093,5991.152240815485,3806.190476190476,22492.68980546201,47234.64859147023,3791.5502660996176,10954.761904761905,52999.90277783538,111299.79583345428,10912.625281073653,6633.809523809524,38617.380787444185,81096.49965363278,6608.293101092678,4235.238095238095,24790.379972360985,52059.797941958066,4218.947587475292,3176.6666666666665,19047.619047619046,40000.0,3164.4478700300947,10760.952380952382,50277.3061082099,105582.34282724079,10719.561230241356,2799.5238095238096,18299.813764610048,38429.608905681096,2788.7556630050863,2221.904761904762,15590.672995156734,32740.41328982914,2213.3583812862275,3060.0,22137.49846267372,46488.74677161481,3048.2299524529144,1884.2857142857142,16214.209498896105,34049.83994768182,1877.0379585832836,4077.1428571428573,25642.246634567437,53848.71793259162,4061.4604501870294,5629.047619047619,32309.254861830857,67849.4352098448,5607.395933387162,10639.52380952381,62636.648845372445,131536.96257528214,10598.599724191638,1270.4761904761904,11556.507335869872,24268.665405326734,1265.5894044731363,2691.904761904762,17072.70592875611,35852.68245038783,2681.5505635257273,4839.523809523809,27100.487798114027,56911.024376039466,4820.908964640362,4927.142857142857,34011.961875835135,71425.11993925378,4908.190992535061,1099.5238095238096,6568.164117058396,13793.144645822631,1095.2945783090227,6505.238095238095,30633.93246766294,64331.25818209217,6480.216212334152,1446.6666666666667,13445.73221925838,28236.037660442595,1441.1021779570422,7829.047619047619,45126.01441584167,94764.63027326751,7798.933807699714,4491.428571428572,28849.27720815341,60583.482137122155,4474.152647297835,4249.047619047619,35282.88785870079,74094.06450327167,4232.703994045652,4075.2380952380954,25195.761765505125,52911.09970756076,4059.563014798014
ENSG00000002586,1050.5938242280286,6776.756763109021,57060.29194537796,1046.5527983248132,921.021377672209,5442.777570321353,45828.187142105795,917.4787419182599,458.19477434679334,2216.778301967127,18665.273302563208,456.4323644514051,861.6389548693587,5015.856952488656,42233.515539954475,858.3247288996745,428.85985748218525,2510.271815374353,21136.488685452056,427.2102820202239,1723.8717339667458,10336.511671214184,87033.42827162344,1717.2409979295346,1144.418052256532,5346.948364060197,45021.30522538686,1140.0161388941783,420.6650831353919,2749.7864645635204,23153.20203162484,419.04702822365914,365.2019002375297,2562.5506103745547,21576.676139353753,363.79718006430033,715.3206650831354,5174.970628626357,43573.25269303392,712.5692408218799,152.7315914489311,1314.2497457141355,11065.982858913021,152.14412148380168,553.3254156769597,3480.0121739923625,29301.70250501569,551.197093307179,651.9002375296913,3741.7361415745895,31505.418312058042,649.3927549180308,458.31353919239905,2698.1681444969654,22718.57577666445,456.5506724774423,757.0071258907363,6885.889298234758,57979.18789113666,754.0953579609269,1692.9928741092638,10737.367045145736,90408.6305201271,1686.4809111598704,448.6935866983373,2512.6056922130915,21156.139928434233,446.96772236843145,688.0047505938243,4749.282094321087,39988.95523418355,685.3583948333307,343.58669833729215,2052.464715698093,17281.752906177942,342.2651193255352,703.0878859857482,3310.9236745516837,27877.977339725177,700.3835141400515,1216.627078384798,11307.678737323044,95210.65496826002,1211.9474187247781,897.0308788598575,5170.415399237188,43534.897661577124,893.5805206587513,836.9358669833729,5375.794014769298,45264.18560435749,833.7166594839429,480.5225653206651,3990.1232713377713,33596.83794466403,478.6742733463932,575.6532066508314,3559.0610205748094,29967.293793239893,573.4390022021671
ENSG00000002587,99.0604911818032,638.9803919383031,7753.38807577937,98.67946285133016,108.70281852645459,642.3795113223373,7794.63299038524,108.28470174784066,36.83863523982199,178.22788876223785,2162.6172022409937,36.69693834820681,148.83797593538816,866.4301818887094,10513.2638270376,148.26548245382884,37.91000494478325,221.90096665213036,2692.5463293569496,37.76418711448575,32.470743365749136,194.6979065552339,2362.464398141208,32.345847224146496,20.108785231580683,93.95223719621684,1140.0164461388952,20.031438382466355,15.41124114059667,100.73957642188684,1222.3740203031748,15.351963022627903,12.774023405307402,89.63283447572117,1087.6048135284004,12.724889136402808,130.13021262567992,941.4239810288867,11423.23858580451,129.62967707341957,41.20652711389484,354.58065530147354,4302.48167142808,41.04802947226712,126.00955991429042,792.5079711089264,9616.291721435715,125.52487412619286,26.701829569803856,153.26148848496106,1859.6749012765176,26.599123098029093,16.565023899785725,97.52105486124374,1183.3204796863317,16.501307847851383,32.96522169111587,299.8582965645091,3638.4805705137533,32.83842357781369,51.83781110927971,328.767836657384,3989.2689300006978,51.63842107611204,68.40283500906544,383.04392508030395,4647.854986924408,68.13972892396343,27.443547057853966,189.4422190166981,2298.691885548614,27.337987628529905,10.960936212296028,65.47673392370478,794.4946894302338,10.918775839623056,38.81654854128894,182.79169943249923,2217.9944809139456,38.66724376287562,8.323718477006757,77.36301132050187,938.7227793629697,8.291701953397958,37.66276578209988,217.0852183206232,2634.1120391024424,37.51789893765215,14.834349761002143,95.28377478387358,1156.1733232275221,14.777290610016163,15.823306411735619,131.3922543904708,1594.3136147739729,15.762443317350575,21.509807153453107,132.98756146141167,1613.671070772769,21.427071384523433
ENSG00000002726,23.51046698872786,151.65205857438195,470.8796418734559,23.42003584026004,3.2206119162640903,19.03221219995444,59.09501888085853,3.208224087706855,33.17230273752013,160.48991619263322,498.3211897781261,33.0447081033806,24.476650563607084,142.48587208051487,442.41863280999866,24.3825030665721,52.17391304347826,305.3927783769697,948.244576860491,51.97323022085105,8.695652173913043,52.140022029159304,161.89476840053965,8.662205036808508,0.0,0.0,0.0,0.0,10.628019323671497,69.47280592800084,215.71306240644262,10.587139489432621,33.17230273752013,232.763587955795,722.7309406027435,33.0447081033806,11.594202898550725,83.87798981784113,260.44115838439666,11.549606715744678,104.66988727858293,900.6805431330924,2796.613086428252,104.2672828504728,9.66183574879227,60.76588039567217,188.6780586285621,9.624672263120564,21.256038647342994,122.00407892909699,378.82266507484616,21.174278978865242,110.14492753623189,648.4415347621401,2013.4109654364452,109.72126379957444,6.119162640901771,55.661135941836804,172.8278270994033,6.095625766643025,10.950080515297907,69.44803812509375,215.6361583784161,10.907961898203308,13.20450885668277,73.94294257761509,229.59283670349484,13.153718759598105,12.238325281803542,84.48089795191069,262.3131881406827,12.19125153328605,5.797101449275362,34.62982192133524,107.52559706574593,5.774803357872339,99.8389694041868,470.1534673431478,1459.8265161004738,99.45494671891251,2.576489533011272,23.94662787552417,74.35427955350255,2.566579270165484,590.3381642512078,3402.662725592432,10565.2677629645,588.0674752766666,26.73107890499195,171.69866850578697,533.1243657104685,26.628259927966898,12.882447665056361,106.97219637506528,332.14866974457766,12.83289635082742,2.254428341384863,13.938336381697278,43.278534465170054,2.2457568613947982
ENSG00000002745,,,109.65690290203769,,,,53.185516992772676,,,,62.894907447724655,,,,1903.5643806430205,,,,158.04076281008182,,,,629.5907660020987,,,,341.07049413171865,,,,26.14703786744759,,,,28.067220994281303,,,,180.86191554471992,,,,51.629780057136955,,,,2100.615719397991,,,,206.63054458627974,,,,70.64599878724368,,,,682.2151069713287,,,,1541.1643084104444,,,,83.99737928176641,,,,151.86552997618472,,,,215.05119413149185,,,,108.3097092590674,,,,37.177139776751275,,,,74.93097704230142,,,,115.6173323227522,,,,116.25203441060219,,,,111.28766005329443,
ENSG00000002746,11.619343752557073,74.94948527409113,915.9576595346678,11.574650867448076,13.010391948285738,76.88493578313155,939.6108002056507,12.960348506508762,18.983716553473528,91.84454581881201,1122.4321944517017,18.910697191886996,10.637427379101547,61.92363260102308,756.768714017103,10.596511357522887,4.991408231732264,29.216517201462548,357.0550567190738,4.972209175453047,20.865722935929956,125.11301415637809,1529.0061460050968,20.78546458591028,36.9036903690369,172.4213686226214,2107.161545937056,36.7617432480217,11.782996481466329,77.02261379822545,941.2933632281133,11.737674119102275,24.302430243024304,170.52542008226715,2083.9911588253867,24.208952870648442,5.891498240733164,42.62190628989391,520.8823167687933,5.868837059551137,2.1274854758203094,18.306934531892658,223.72904691426015,2.1193022715045777,4.909581867277637,30.877679179864508,377.3561172571242,4.890697549625947,2.618443662548073,15.029178887800034,183.6715951878042,2.608372026467172,2.863922755911955,16.860390295076296,206.05082979612743,2.85290690394847,18.738237460109648,170.44678231070483,2083.030126619124,18.6661623144057,27.493658456754765,174.37137909949556,2130.9926239749357,27.387906277905305,4.664102773913755,26.11816064730483,319.19004127071236,4.6461626721446505,6.546109156370182,45.18765165064151,552.23829082249,6.520930066167931,0.6546109156370182,3.9104127527569457,47.78915425144263,0.652093006616793,3.764012764912855,17.725179487614337,216.6194185181348,3.74953478804656,16.037967433106946,149.06143924890046,1821.6798490608126,15.97627866211143,4.909581867277637,28.298443552636915,345.83527865677576,4.890697549625947,12.683086490467229,81.46581253591992,995.5936950014774,12.634302003200366,3.6821864004582276,30.57583286659438,373.6672534626499,3.668023162219461,3.9276654938221096,24.283372348862763,296.7670934754518,3.9125580397007584
ENSG00000002822,136.8107302533532,882.4847625499307,2960.736378355017,136.28449861935533,86.73621460506706,512.5678239740636,1719.6650494329833,86.4025906279573,126.97466467958272,614.312291017556,2061.0177363639004,126.48626669247356,132.3397913561848,770.3893362916284,2584.6562232584133,131.83075683440907,92.39940387481371,540.8471211693478,1814.5420915231618,92.04399688888923,108.79284649776453,652.3330624959648,2188.577424673962,108.37438343369215,95.08196721311475,444.2418293204509,1490.431337370113,94.71624195985697,76.00596125186289,496.8326867510533,1666.8736640497839,75.71361034408629,148.1371087928465,1039.4492424856787,3487.352208539452,147.5673111412192,503.725782414307,3644.1923966685745,12226.265490823067,501.7882411039444,125.48435171385991,1079.788246599834,3622.6895673424433,125.00168609749147,90.31296572280179,568.0025013855371,1905.6483921484771,89.9655840559143,131.74366616989568,756.1740412910717,2536.9639085315457,131.23692459641623,199.70193740685545,1175.6785689879102,3944.401598954439,198.93379972759928,322.8017883755589,2936.2700878289083,9851.186144665988,321.56015687311947,129.06110283159464,818.5364826672584,2746.189899348652,128.56467952544847,119.22503725782414,667.6393782952123,2239.9301141804376,118.76644759856673,72.1311475409836,497.9197704137204,1670.520829738032,71.85370079713287,122.80178837555887,733.5742008790747,2461.1414439492955,122.32944102652375,249.478390461997,1174.8231277112607,3941.531593471279,248.51879160000087,147.24292101341283,1368.5176639131992,4591.376762428783,146.67656278422993,135.3204172876304,779.9762370103139,2616.8202751696035,134.79991802437326,140.08941877794337,899.8202714305935,3018.897010649641,139.5505759283159,125.48435171385991,1041.9865123879822,3495.86474906168,125.00168609749147,135.61847988077497,838.4812936620131,2813.1047402360537,135.09683414336965
ENSG00000002834,2463.1923346576305,15888.590745329135,67987.27979926336,2453.717860508435,2879.177377892031,17014.504150787034,72805.06326121771,2868.1028502337685,3965.178780088806,19183.811722105173,82087.53035888802,3949.927034084119,2914.699696190699,16967.334929479046,72603.22616324083,2903.4885347496397,2862.584716055153,16755.743412364365,71697.82606150712,2851.57401075596,1968.6842720261743,11804.43275086898,50511.16774096837,1961.1118839585442,5188.5954662304275,24242.148212558997,103732.15220153995,5168.637944877445,1751.8111708343072,11451.168255105582,48999.54896359679,1745.0729679669098,2843.4213601308716,19951.733923663272,85373.46945935515,2832.484365161871,1920.7758822154708,13895.808215583576,59460.16335448212,1913.387769973323,1387.707408272961,11941.171378798756,51096.272329879874,1382.3697016792303,1850.1986445431176,11636.39627765308,49792.13967207754,1843.0820020536319,2802.7576536573965,16087.092786627541,68836.67003397924,2791.97706841344,4540.780556204721,26732.331472231534,114387.64636967874,4523.314803574847,1537.041364804861,13981.23785479607,59825.71678067239,1531.1292569795044,2675.1577471371816,16966.492342615296,72599.62073405086,2664.8679648235343,3083.430708109371,17266.67324520723,73884.09481624173,3071.5705362000276,1974.0593596634728,13626.88958453369,58309.46053221965,1966.46629674713,1272.2598738022903,7600.027919632324,32520.51946810671,1267.3662270026489,4752.979668146763,22382.341129184115,95774.03769177882,4734.697708445972,2468.100023369946,22939.224887956894,98156.94329556756,2458.6066721849693,3674.4566487497077,21179.278983876626,90626.1347720081,3660.3231423884367,3167.095115681234,20342.838249304586,87047.00486877433,3154.913135257145,2245.8518345407806,18648.91748215349,79798.71790613479,2237.2133434047496,1954.1949053517176,12082.098794703434,51699.300742536,1946.6782494849651
ENSG00000002919,432.0169626292075,2786.6848307684854,10514.161866489496,430.355243612445,597.4025974025974,3530.351777298042,13320.017255745513,595.1047356456754,536.4431486880467,2595.3493990538996,9792.253282630361,534.3797626206065,495.3617810760668,2883.6484464473597,10880.005588445889,493.4564112341471,387.2250198780811,2266.56805632152,8551.761276501094,385.7355895201118,392.79088258680093,2355.2144061568038,8886.22395442962,391.28004357892235,815.7964484495096,3811.562983336649,14381.027136129176,812.658552048531,357.54041876490857,2337.155717147283,8818.0885207967,356.1651678731216,296.0508878876226,2077.331423973775,7837.771462653054,294.9121516043565,219.1889742910151,1585.7175102622145,5982.912166219335,218.3458812684,410.8136761197986,3535.0366237548496,13337.693181427047,409.2335138645949,351.7095149748211,2211.9956162214144,8345.859460003396,350.35669219246284,568.7781606148953,3264.637252128842,12317.47635228212,566.5904004860779,474.42353564802545,2793.010377002522,10538.028152430517,472.5987031081451,322.5549960243838,2934.0252148921536,11070.077135788095,321.3143137891691,451.0999204876756,2860.9839381991565,10794.492398825418,449.36480038551,323.085078187119,1809.2199901841725,6826.187022964884,321.84235703286527,319.37450304797244,2204.63537119368,8318.089255513754,318.14605432699153,326.26557116353035,1948.9944634086232,7353.556110440735,325.0106164950428,413.4640869334747,1947.0510889056702,7346.223758441093,411.87373008307617,271.40206732043464,2522.4881481177645,9517.347782848326,270.35814077248074,470.7129605088789,2713.1524644157334,10236.724248240564,468.9024004022713,635.3034720381659,4080.6718140241633,15396.374754313169,632.8598275699574,474.95361781076065,3943.8803086554676,14880.26040455708,473.1267463518413,565.3326265571163,3495.2525089624673,13187.58771631539,563.1581194020522
ENSG00000002933,1812.4557678697806,11691.075655972629,16519.489901889323,1805.4843003649385,1809.6249115357396,10693.981831447647,15110.596327835527,1802.664332695489,2060.1556970983725,9967.177068992678,14083.621198486651,2052.2314714417557,2301.4861995753718,13397.63655062126,18930.860446027837,2292.633715262312,1347.4876150035386,7887.332242677671,11144.800458903548,1342.3046106578847,1198.1599433828733,7184.289871880517,10151.401588967172,1193.551316094432,1683.651804670913,7866.355520066686,11115.160349854228,1677.1757714049934,1369.4267515923566,8951.613282645274,12648.629568377772,1364.1593600961169,992.9228591648974,6967.146329613707,9844.577763744168,989.1036600593551,1182.5902335456476,8555.421397741742,12088.81043500908,1178.0414939124607,7907.997169143666,68048.02575589153,96151.86039307472,7877.579684606724,1445.1521585279547,9088.950123131017,12842.686523984126,1439.5934952538869,1637.6503892427459,9399.683104754487,13281.752227018093,1631.3512967764416,2066.5251238499645,12165.977616109432,17190.52637156263,2058.5763986980164,447.2753007784855,4068.506228883036,5748.79930141173,445.5548917729953,2374.3807501769284,15058.89245575925,21278.215039987823,2365.2478827506316,1388.5350318471337,7775.553581072219,10986.857210055046,1383.1941418648998,2102.618542108988,14514.330874324289,20508.74952542022,2094.5309864834953,337.5796178343949,2016.5805536038692,2849.4283222422673,336.2811445818335,2245.5767869780607,10574.685605065413,14942.03075995743,2236.9393537906867,447.98301486199574,4163.681790283716,5883.282369670889,446.25988369035764,4313.517338995046,24862.77451536976,35131.10039021747,4296.925736323427,1629.865534324133,10468.928062408522,14792.59535218324,1623.596385685456,1439.4904458598726,11953.120917559643,16889.759856511773,1433.953559914988,1237.791932059448,7652.831541763465,10813.450968511775,1233.030863466723
ENSG00000003056,2707.6239822353814,17465.27412442434,47191.17068419457,2697.2093211208257,2670.244263508512,15779.81351685397,42637.056122539434,2659.973380520333,2818.6528497409327,13636.839239363178,36846.739624759306,2807.8111248846644,2746.1139896373056,15985.947326786154,43194.029676976184,2735.5512797589563,2311.2509252405625,13528.587380389848,36554.24310181337,2302.3608816839196,2881.939304219097,17280.403562998632,46691.6504272223,2870.854153030053,4049.222797927461,18918.77288408958,51118.52433281005,4033.6477832672163,2265.3589933382677,14808.10684554466,40011.50469666168,2256.6454694615322,1769.80014803849,12418.342967677017,33554.362698663295,1762.992751995597,1113.619541080681,8056.454535515356,21768.540154962488,1109.3360917513073,1722.7979274611398,14824.613012951673,40056.10436099542,1716.1713217355716,2628.423390081421,16530.860749815543,44666.3857460016,2618.3133677692867,3740.9326424870465,21471.97081049136,58017.26512994766,3726.543441482955,2638.7860843819394,15534.9732097535,41975.497612753956,2628.6362027872456,4563.656550703183,41511.93922557836,112165.25978751274,4546.102807373004,2450.037009622502,15538.722607057021,41985.628484268076,2440.613136388719,1850.8512213175425,10364.443468742013,28004.72625254092,1843.7320687431995,3102.1465581051075,21414.051414110432,57860.76692092638,3090.214397161668,2374.9074759437453,14186.852462597491,38332.87535393843,2365.7725825085204,2842.7091043671353,13386.652026178625,36170.73377473464,2831.774849033496,1458.5492227979275,13556.172081807623,36628.77696504419,1452.9390287776343,1975.9437453737971,11389.184263191006,30773.5758791421,1968.3434343171252,1864.9148778682456,11978.6935104521,32366.429865241575,1857.7416305532859,2437.4537379718727,20239.925415782647,54688.27847344471,2428.078265295483,2833.8267949666915,17520.552944898336,47340.5340571153,2822.9267047323897
ENSG00000003096,44.24333836098542,285.3874975713281,1702.9071980081146,44.073159865511364,175.12988101223397,1034.9303625020475,6175.429473049717,174.45625780098248,15.082956259426847,72.97239522882545,435.4262823304015,15.02494086324251,317.24484665661134,1846.7767279452062,11019.716735649046,316.02458949020075,32.00938495056142,187.36250424697334,1117.99206284169,31.88626338754799,244.0087145969499,1463.1012717550584,8730.325288562435,243.07015440978995,3.6869448634154516,17.2261384438563,102.78836809449054,3.672763322125947,334.50645215351096,2186.588217840849,13047.371895856348,333.21979958924504,29.663147310206135,208.14052773536915,1241.9745289969476,29.54905036437694,45.08128037539802,326.1394689561231,1946.0742112611863,44.90787880235817,31.0038545332663,266.7870317460013,1591.9182184283895,30.884600663331828,204.79302832244008,1287.9983668180707,7685.486254803429,204.00530816535942,436.2326127032009,2503.8606202543906,14940.536321057949,434.55467852244726,26.311379252555724,154.89947223056336,924.2851507997716,26.210174616989715,394.67068878833584,3590.0040822691003,21421.554358899724,393.1526192548457,121.16641528406234,768.4664798923236,4585.439485517495,120.70035826804816,31.50661974191386,176.43156588986184,1052.7671536648056,31.38543202543991,375.398022456846,2591.3645287463914,15462.672143029717,373.95408370736914,394.1679235796883,2354.618962615072,14050.011349924134,392.6517878927376,170.6049941344059,803.3990136018436,4793.881914162201,169.94877554200974,131.55689626277862,1222.7272802392222,7296.013681187438,131.05087308494856,65.19188872130049,375.7609167015412,2242.1653899580965,64.94113328668152,174.96229260935144,1123.8151960314444,6705.805274719628,174.28931401361314,386.1236802413273,3206.2616687259383,19131.763377287672,384.6384860990083,288.9224065694654,1786.3054757823547,10658.88477399331,287.8110894247788
ENSG00000003137,70.44025157232704,454.36822512128083,2167.3364338285096,70.16930872584501,37.735849056603776,223.00007124852277,1063.7103398554536,37.590701103131266,8.80503144654088,42.59935676188414,203.19893175418736,8.771163590730627,98.11320754716981,571.1461992581909,2724.3673704615708,97.73582286814128,27.463312368972748,160.75269763274108,766.7903677081748,27.357676913945532,167.29559748427673,1003.121555894329,4784.88982161595,166.65210822388195,26.41509433962264,123.41656546508298,588.6970172684458,26.313490772191884,31.446540880503143,205.5584738006886,980.5139200292847,31.32558425260938,10.272536687631026,72.08038934590061,343.823457179946,10.23302418918573,71.48846960167715,517.1816620607924,2466.95652802998,71.21349486759868,49.266247379454924,423.93425274029295,2022.1663855711975,49.076748662421366,60.37735849056604,379.729426170691,1811.309362834196,60.145121765010025,71.27882599580713,409.12173980511943,1951.5106988704197,71.00465763924794,61.0062893081761,359.1541867066372,1713.1654705906594,60.77163345006221,814.6750524109015,7410.448373698347,35347.83874254111,811.5414693709338,95.17819706498952,603.642964014064,2879.3769383470853,94.81210167123108,41.928721174004195,234.79351301681734,1119.9650570902188,41.76744567014585,37.9454926624738,261.9369251542733,1249.4391329858834,37.79953833148199,20.754716981132077,123.98129640704458,591.3907838616026,20.674885606722196,37.735849056603776,177.7025582593395,847.6412028970493,37.590701103131266,48.21802935010482,448.1521042270856,2137.685537163198,48.032562520667724,71.48846960167715,412.053913424041,1965.4971670326756,71.21349486759868,37.9454926624738,243.73092418376604,1162.5965083565638,37.79953833148199,18.029350104821802,149.7106163418956,714.119639950842,17.960001638162712,31.446540880503143,194.42288618674777,927.3971671107869,31.32558425260938
ENSG00000003147,1032.258064516129,6658.483667675912,25388.798224848255,1028.2875656598487,1048.518227117755,6196.220442844805,23626.188548567243,1044.4851848343687,1217.4141096249673,5889.934442339726,22458.320028641374,1212.7314227116408,301.8620508785733,1757.2288927226405,6700.3137679514275,300.70096241729823,664.3063204825596,3888.425097356386,14826.5648962199,661.7511188557919,239.18174665617624,1434.1582770569703,5468.445510418228,238.26175301874545,263.30972987149227,1230.2353380405373,4690.887343948569,262.2969298583557,87.59506949908209,572.5878997985507,2183.277661931874,87.25814200467212,977.445580907422,6858.54528230307,26151.633161421603,973.6859139263862,487.5426173616575,3527.115667428632,13448.892039905373,485.66732331342956,1159.4544977707842,9977.063451027298,38042.54293876708,1154.994747912142,394.7023341201154,2482.389004598181,9465.349274532864,393.18414286536387,260.94938368738525,1497.7809239105134,5711.038662870787,259.94566255882864,1007.343299239444,5930.397791367318,22612.606778483583,1003.4686330537294,319.9580382900603,2910.4027642451997,11097.365740066947,318.72734504700594,103.0684500393391,653.6848416617879,2492.500301256398,102.67200541268306,538.4211906635195,3015.0645977002605,11496.441311031096,536.3501962143469,108.0514030946761,745.8765270746978,2844.027197735823,107.63579193390693,79.20272751114608,473.1289202706424,1804.0405729919594,78.89808049524245,788.6178861788618,3713.694520370993,14160.317206174595,785.5845299642187,73.69525308156307,684.9446811740826,2611.694069316777,73.41179012967923,406.7663257277734,2344.569093437622,8939.841953277653,405.20173128516905,128.76999737739314,827.1135322212218,3153.7838983595184,128.27469378531143,103.3307107264621,858.0289527889038,3271.66439698409,102.93325733485274,120.63991607658012,745.8741093993565,2844.0179791397463,120.17588419805142
ENSG00000003249,366.1473087818697,2361.798816878582,6669.719858865115,364.7389521695821,98.08781869688386,579.650149787458,1636.9320229997813,97.71053167405631,375.7082152974504,1817.7025714217657,5133.1920616950665,374.2630834157897,44.26345609065156,257.6707595667299,727.6622250164452,44.093200213924334,162.53541076487252,951.3785296640904,2686.692967771391,161.91023118553014,108.0028328611898,647.5960597283154,1828.8112726727627,107.58740852197536,108.0028328611898,504.6106790628962,1425.020557673619,107.58740852197536,103.75354107648725,678.2119418521728,1915.2705237905361,103.35446130143863,52.76203966005666,370.22095681196123,1045.5039820369786,52.55909465499781,395.1841359773371,2858.9503930298506,8073.675909916297,393.66409150991643,386.685552407932,3327.4150036823394,9396.619970398926,385.1981970688429,34.34844192634561,216.02657798595988,610.0590562323507,34.21632336600528,110.8356940509915,636.1677728154073,1796.53779043071,110.40937333566653,125.35410764872522,737.9805114106547,2084.0569642236887,124.87194300583371,105.52407932011332,959.8682808189611,2710.6680250327463,105.11818930999561,27.26628895184136,172.92934714149766,488.3524763275894,27.161411331777387,163.59773371104816,916.1187258776223,2587.119281878405,162.96846799066432,12.393767705382436,85.55391368089211,241.60425223483932,12.346096059898812,97.73371104815864,583.8264241057971,1648.725821674771,97.35778607234492,403.6827195467422,1900.9894776964043,5368.394285014645,402.12998595098986,49.57507082152974,460.76483434358875,1301.1998921862946,49.38438423959525,241.1473087818697,1389.9541121651575,3925.2304127544053,240.21975476545975,47.804532577903686,307.0573627551847,867.1299924206415,47.62065623103828,93.83852691218131,779.2085471167944,2200.484937057827,93.47758445351958,84.27762039660057,521.0588427109709,1471.470171815782,83.95345320731192
ENSG00000003393,199.96473285134897,1289.8537231830753,14629.52092834244,199.19558435023762,302.2394639393405,1786.0846828035887,20257.772472358305,301.0769237886308,454.15270675365895,2197.222496800386,24920.897558709978,452.40584435100266,333.27455475224826,1940.0904324190885,22004.5056844973,331.9926405837294,270.76353376829485,1584.8768673294321,17975.67342925042,269.72206328905634,301.093281608182,1805.3861886264847,20476.690151401588,299.93515015699364,201.28725092576266,940.4540018584262,10666.629289078268,200.51301546366514,184.62352318815024,1206.8395630055381,13687.974323608814,183.91338343447865,167.87162757891025,1177.9225174817404,13359.9971932779,167.22592266439702,208.69335214247928,1509.7871771975033,17124.00616377408,207.89062969885913,191.32428143184623,1646.3384283193323,18672.770453997866,190.5883677425113,341.6505025568683,2148.7317850634163,24370.915906189268,340.3363709687702,437.1363075295362,2509.0475912017646,28457.617779410415,435.4548973582355,238.75859636748368,1405.6116257851047,15942.447059654658,237.84023034411086,228.79562687356727,2081.171107494972,23604.642701207977,227.91558262295706,302.1512960677129,1916.316021561795,21734.85631655388,300.9890950477356,225.00440839358137,1259.9853754603412,14290.754128471192,224.1389467644649,233.55669194145653,1612.2368545988095,18285.990404859698,232.65833463129607,1098.1308411214952,6559.843019327698,74401.73952521475,1093.9069678492988,275.8772703226944,1299.138562601573,14734.82957702704,274.81613026097597,256.03949920648915,2379.7040625922614,26990.603477921428,255.05466355956352,181.97848703932286,1048.9096795797113,11896.733585793087,181.27852120762367,297.91923822958915,1913.5904206517553,21703.942551032207,296.77331548476764,171.13383882913067,1421.0469228844677,16117.514199355632,170.4755860775182,263.7101040380885,1630.4266894894276,18492.29951218909,262.69576401744297
ENSG00000003400,283.8408859099519,1830.888968579762,12565.390991362907,282.74911443185806,687.6001748506484,4063.3745315280694,27886.93940987714,684.9553752586952,1451.988926125601,7024.823778753138,48211.365593582785,1446.4039657666663,439.02083636893485,2555.671028966399,17539.570271796394,437.3321775067702,513.7694885618534,3007.2785881800346,20638.952950679577,511.7933149315871,128.80664432463936,772.3378463477102,5300.554639484335,128.3111997729787,223.66312108407402,1044.9985099614732,7171.82477386559,222.8028186103194,200.49541017047937,1310.5902704942403,8994.581026401971,199.72422046110714,321.4337753169168,2255.4382017115167,15479.07237834614,320.19740576831566,316.7710913594638,2291.6730548985643,15727.752175768845,315.5526564552667,115.25571907329156,991.7712376802014,6806.526004199222,114.81239708193006,535.0429841177328,3365.0290508722132,23094.194376135998,532.9849836723731,413.81320122395454,2375.1790868304856,16300.854072917624,412.22150153309906,517.8493370246248,3048.6653029513823,20922.989974155338,515.8574705805049,46.918257321870904,426.77791916997984,2928.9768592635714,46.737789962555595,223.95453883141482,1420.3734236769442,9748.02280669487,223.0931154423849,472.9710039341396,2648.5549871155836,18177.032876574252,471.1517584424083,476.75943464957015,3291.06019155469,22586.546094639838,474.9256172592606,402.7393268250036,2405.8214765952835,16511.15279387343,401.19022191460766,541.3084656855602,2549.0853277336914,17494.372604236323,539.2263655617827,46.48113070085968,432.00887326182635,2964.8768971959144,46.302344714457256,438.43800087425325,2527.1221367677845,17343.639224637307,436.7515838426391,308.7571033075914,1983.2040344513407,13610.729288439552,307.56949357346366,240.12822380882994,1993.9567526557773,13684.5251934766,239.20458962202366,325.22220603234734,2010.7343503727973,13799.669846608509,323.97126458516794
ENSG00000003402,158.35464620630862,1021.4517684195126,23963.258487121766,157.7455476065863,282.7791986359761,1671.0842082507054,39203.63552556155,281.69151085386096,281.6709292412617,1362.7436173341353,31969.96526265881,280.5875043295619,239.1304347826087,1392.049473944504,32657.48065873806,238.21063851223397,287.1270247229327,1680.6582966889446,39428.24364032264,286.0226133722653,85.93350383631713,515.2661000528684,12088.142707240293,85.60296742257819,122.08013640238704,570.3826362524625,13381.176646482769,121.61056483048809,173.40153452685422,1133.4841223867945,26591.5375111942,172.73455926341674,225.40494458653026,1581.622598228469,37104.866154439886,224.5379423266833,286.87127024722935,2075.363498066437,48688.027664638605,285.76784263588854,111.8073316283035,962.0979901241137,22570.818848311705,111.37727358602312,240.57971014492753,1513.070421852237,35496.63209665348,239.65433935170208,215.08951406649615,1234.557317398844,28962.714666176875,214.2621892928222,204.13469735720375,1201.7749651609477,28193.640682675836,203.34950941801935,58.01364023870418,527.70375708325,12379.930141173047,57.79049536811951,152.72804774083548,968.6379262196791,22724.24574911367,152.14059140629846,297.35720375106564,1665.14838837625,39064.381191306835,296.21344282733406,255.71184995737426,1765.173437043967,41410.96883305146,254.72827458732473,218.88320545609548,1307.5304085739447,30674.66338514474,218.0412885490769,446.9309462915601,2104.6504718138585,49375.10006875312,445.2118618183197,69.6078431372549,646.9551284679757,15177.567313858708,69.34010208386418,425.44757033248084,2452.246317329695,57529.69860455465,423.8111199626751,132.01193520886616,847.9370990896174,19892.604344642423,131.50416175978407,125.91645353793692,1045.5745635395167,24529.17926063706,125.43212587613888,191.47485080988918,1183.8215614270118,27772.4538310777,190.73835796737168
ENSG00000003436,420.07575757575756,2709.6592094108687,14307.000625689387,418.4599694580959,604.7348484848485,3573.6817289125242,18869.03952865813,602.4087838050948,4430.113636363636,21433.199010922603,113167.29077767134,4413.073555272462,1007.9545454545455,5867.603578087153,30980.94689230017,1004.0775281586953,4265.151515151515,24965.47403537488,131817.70290677936,4248.745947789143,337.5,2023.6846050067456,10685.054714435617,336.20183299113023,5392.045454545455,25192.706952911038,133017.49271137026,5371.305378932367,854.5454545454545,5585.958089863803,29493.858714480884,851.258513162727,2729.9242424242425,19155.346752441794,101140.23085289268,2719.423805125786,875.9469696969697,6337.017874199468,33459.45437577319,872.5777090819178,401.5151515151515,3455.0231603892157,18242.52228685506,399.97075529808984,1661.3636363636363,10448.762186172642,55169.46434299155,1654.9733327711529,872.3484848484849,5007.051180368289,26437.23023234457,868.993065520284,471.59090909090907,2776.3342326426255,14659.044748353064,469.7769720246432,30.113636363636363,273.91970204151835,1446.296026779217,29.997806647356736,433.7121212121212,2750.7063429510517,14523.729490781554,432.0438819021819,2114.962121212121,11843.418364134915,62533.248962632366,2106.8270869876264,538.4469696969697,3716.887928050045,19625.168260104234,536.3758760907875,276.5151515151515,1651.803153577326,8721.52065088828,275.4515578939675,1753.409090909091,8257.009949937798,43597.012535671565,1746.6647417687338,148.67424242424244,1381.8207729521664,7296.013681187438,148.10237873066063,601.7045454545455,3468.177652438689,18311.978004876277,599.3901365952979,400.5681818181818,2572.923588621853,13585.036547923384,399.0274280450283,730.3030303030303,6064.229500639638,32019.13176337729,727.493977561054,738.0681818181819,4563.215606351941,24093.778401538242,735.2292610361586
ENSG00000003509,64.6188850967008,416.81804756981467,5495.745957208006,64.37033367512306,114.37239287068638,675.8838716142182,8911.528847233467,113.93246852357463,61.20591581342435,296.1184931029655,3904.3223315625996,60.97049210777502,126.96245733788396,739.0862736003212,9744.852517420233,126.47410630534743,70.30716723549489,411.53327188568903,5426.066189812809,70.03673628736982,103.98179749715585,623.4855193953281,8220.656573227403,103.58183975187056,60.37163443306788,282.068262844191,3719.070045600658,60.1394197246455,74.17519908987485,484.86543485710547,6392.950758590936,73.8898900636976,68.48691695108077,480.55935832074357,6336.175139459005,68.22348745145085,80.31854379977247,581.0626274155735,7661.310742474336,80.0096048849241,76.07129313613956,654.5906888801463,8630.778232884728,75.77869093444653,84.79332574895714,533.2880028990833,7031.402318224414,84.46717493989154,102.99582859309822,591.1690042307503,7794.563320782441,102.59966329908114,82.89723170269245,488.0298108611891,6434.67305620478,82.57837406914263,205.08153204398937,1865.4629242831224,24596.128656672972,204.29270218020278,106.86386044747819,677.7562451876871,8936.216092799656,106.45281707540892,88.96473265073948,498.1869594110074,6568.595059834133,88.62253685553915,109.290860826697,754.4324773181721,9947.1922134401,108.87048218996753,166.70458854759195,995.8339120655187,13130.070130583865,166.0633725562447,104.28517254455821,491.09116166664256,6475.036966574682,103.8840478911904,82.44216913158893,766.2410113259127,10102.887734332158,82.12506186016289,87.5995449374289,504.91688389404123,6657.329114142934,87.26260022859994,117.55783086841107,755.0957110363879,9955.936950014773,117.10565398643281,90.55745164960182,751.9634275218539,9914.637791875644,90.20912958696823,157.45164960182026,973.4680919843224,12835.17679281329,156.84602430699002
ENSG00000003756,1008.2765335929893,6503.793055447622,40076.372807668246,1004.3982777952767,927.6209023044466,5481.77747359603,33778.712792298735,924.0528820018995,988.6400519311911,4783.109581948152,29473.521243964507,984.8373263043337,1468.6790003245699,8549.617833688839,52682.74509119063,1463.029842917633,1135.3456669912366,6645.588713496895,40950.11765256787,1130.9786498399737,1102.2395326192795,6609.1412539006415,40725.52840653575,1097.9998555907807,741.1554690035703,3462.8255074174435,21337.930776706286,738.3046732160033,987.1794871794872,6452.954858312386,39763.10783692093,983.3823794992223,1056.9620253164558,7416.4966867800285,45700.45258393853,1052.8965046323256,1313.047711781889,9499.21297417935,58534.150346893155,1307.9971777952007,756.8971113274911,6513.071897286778,40133.54903108113,753.9857665599824,1500.0,9433.902931428103,58131.709863459975,1494.2303688494678,908.3089905874716,5213.455038269536,32125.30994581688,904.8152520232036,936.222005842259,5511.694890776923,33963.0639169674,932.6209020764447,1089.581304771178,9911.05101851239,61071.89637607335,1085.390316613148,1417.234664070107,8988.44230825891,55386.7815034914,1411.783383226485,1249.4320025965596,6996.600920592011,43113.05487268797,1244.6261613947909,1318.8899707887049,9104.269290640976,56100.50736892969,1313.8169650156467,650.2758844530996,3884.516818515308,23936.39263569133,647.7746497868459,1381.3696851671534,6505.0325643366905,40084.010661442684,1376.0563561231925,1202.5316455696202,11176.671768327124,68870.65143643174,1197.9062028751007,1174.1317753975982,6767.603162073387,41701.970684696214,1169.6155705534889,625.4462836741318,4017.357268310136,24754.955487327057,623.0405540999512,593.9629990262902,4932.100500102054,30391.603281628857,591.6783674119931,945.6345342421292,5846.52525452186,36026.2886183637,941.9972259316075
ENSG00000003987,8.263324610935133,53.30179908878424,387.0243631836624,8.23154038754699,404.90290593582154,2392.774487119186,17373.93555097241,403.34547898980264,22.31097644952486,107.94206145086389,783.7673081947227,22.225159046376877,23.55047514116513,137.0943291313176,995.441923822497,23.45989010450893,14.598540145985401,85.4505340957458,620.4563280692101,14.542388017999686,32.915576366891614,197.36517084030348,1433.0685054714436,32.78896921039552,81.25602534086214,379.6442837559904,2756.5971443522462,80.94348047754542,10.053711609971078,65.71869454357781,477.18344108091856,10.01504080484884,14.323095992287564,100.50237513445998,729.7477458513139,14.268003338414786,13.909929761740807,100.63106167203809,730.6821388006684,13.856426319037437,8.538768764632971,73.47579221279189,533.5077272570819,8.505925067131892,10.880044071064592,68.42751977072214,496.8522210552135,10.83819484360354,16.38892714502135,94.06813725446179,683.0287446046469,16.325888435301533,13.909929761740807,81.89007342321548,594.6038231259677,13.856426319037437,18.041592067208374,164.10995549418183,1191.6023868432542,17.972196512810935,7.43699214984162,47.167188737714255,342.4809574245432,7.408386348792294,11.293210301611348,63.24000460087999,459.1856734069897,11.249771862980888,13.49676353119405,93.16787030127395,676.4919062575501,13.444849299660087,21.209199834733507,126.6962153064689,919.9412193402708,21.127620328037278,9.91598953312216,46.69556275427899,339.0564811588197,9.87784846505639,149.70389753477482,1391.3906809436937,10102.887734332158,149.128073354393,11.430932378460268,65.88699474019279,478.4054688085398,11.38696420277334,5.2334389202589175,33.6153470463556,244.081034903588,5.213308912113095,14.323095992287564,118.93493201155516,863.586541335902,14.268003338414786,16.664371298719185,103.02993822742985,748.100381469368,16.600273114886434
ENSG00000003989,234.93234932349324,1515.4090481361116,12320.275561346587,234.0287006562102,1490.6519065190653,8809.010256053192,71617.25338171245,1484.9182320694301,72.57072570725707,351.10223667478044,2854.4611841659653,72.29158816081885,366.4206642066421,2133.043806468871,17341.64614659192,365.01125615437184,68.88068880688807,403.18357784905396,3277.8824879128083,68.61574469501451,225.09225092250924,1349.6762159946588,10972.867636036577,224.22645141406528,999.1389913899139,4668.175746570204,37952.26881961576,995.2958824242908,129.52029520295204,846.6430158186444,6883.2077186055785,129.02210564973265,461.6236162361624,3239.123013269918,26334.070097884432,459.84801757212404,277.2447724477245,2005.7208247862175,16306.510305511947,276.1783723974334,513.7761377613776,4421.024831870871,35942.93188311018,511.7999385554922,341.82041820418203,2149.8004302122754,17477.877497625803,340.5056330490095,132.34932349323492,759.6503552509122,6175.957388189917,131.8402523068493,840.2214022140222,4946.523346819,40215.23480963847,836.9895571636501,125.95325953259533,1145.6962190055606,9314.51026051521,125.46879029945511,113.4071340713407,719.2552565838204,5847.54523602646,112.9709225157203,55.84255842558426,312.7085706758667,2542.3206795947967,55.627764449172474,162.23862238622385,1119.929744149545,9105.028819935802,161.6145843798645,89.2988929889299,533.43982144138,4336.865748318419,88.95541187246525,163.22263222632228,768.6346017796806,6248.999312468802,162.59480930407904,943.5424354243543,8769.552251766883,71296.45980686476,939.913174206172,56.580565805658054,326.12592903262987,2651.403803035281,56.36293314233334,81.05781057810579,520.6493234979754,4232.879000038539,80.74602813216886,126.93726937269372,1054.0511290787335,8569.435679410104,126.44901522366959,119.80319803198032,740.7009764378076,6021.898938439376,119.34238452311452
ENSG00000004059,3159.8837209302324,20382.533080457415,21034.77413903205,3147.7294785646727,1600.7751937984497,9459.784030152936,9762.49711911783,1594.6179388496905,1888.5658914728683,9137.013611778128,9429.398047355027,1881.3016724080185,2199.6124031007753,12804.59884331264,13214.346006298645,2191.1517682740905,1825.5813953488373,10685.788010845326,11027.733227192377,1818.5594411578793,2846.8992248062013,17070.299654062066,17616.549242992056,2835.9488525062893,2278.1007751937987,10643.739138043838,10984.33879046124,2269.3382410627255,2289.7286821705425,14967.40563972351,15446.362620194664,2280.921422216597,2035.8527131782946,14285.182003145595,14742.307827246255,2028.0219670237286,2994.186046511628,21661.368954774596,22354.53276132738,2982.6691471219992,2582.3643410852715,22221.15049293766,22932.227308711666,2572.431481255705,1406.0077519379845,8842.760435078926,9125.728769001453,1400.599654522337,2325.5813953488373,13348.226394462516,13775.369639085315,2316.636230774369,1447.6744186046512,8522.700435088991,8795.42684901184,1442.1060536570446,2420.5426356589146,22017.743374862777,22722.31116285839,2411.232210197655,1907.9457364341085,12100.649676444975,12487.870466091214,1900.6069743311382,1829.4573643410852,10244.641607491922,10572.470138931665,1822.4205015425032,1740.3100775193798,12013.323283880716,12397.749628964899,1733.6161126961524,2693.798449612403,16091.79370385302,16606.731102376314,2683.4369673136434,3657.9457364341083,17225.697356461893,17776.919671868673,3643.8757379888502,2750.0,25559.283596516503,26377.18067160503,2739.4223428906907,2281.9767441860463,13153.13438689772,13574.034687278448,2273.1993014473487,2785.8527131782944,17894.047718987542,18466.657245995146,2775.137151448462,2692.829457364341,22360.493052814472,23076.028830504532,2682.4717022174877,3518.4108527131784,21753.095050253665,22449.19409186178,3504.8775641423886
ENSG00000004139,16.931010995426682,109.2118958093433,1122.370653232621,16.865887203127205,10.119684732898707,59.802296035898486,614.5881963609287,10.080760167386375,10.60620803736499,51.31357483702957,527.3496086001529,10.565412098510718,28.41296098083098,165.40030725293528,1699.818957638416,28.30367277766174,25.299211832246765,148.08543468378247,1521.8740122452325,25.201900418465936,20.725892770263695,124.2745781457874,1277.1698396042573,20.646172265897093,6.519412279848205,30.459988599126323,313.0373028332212,6.494335877066222,13.525347864162693,88.41194569366583,908.6095658938038,13.473323685256787,28.023742337257953,196.63714231665406,2020.839911588254,27.915951232762264,15.179527099348059,109.81593393004304,1128.5783529990522,15.121140251079561,17.61214362167948,151.55185025366984,1557.4983650569648,17.544399906701287,14.498394473095262,91.18429741382295,937.1010245218583,14.442627547505479,26.466867762965848,151.91286942651902,1561.2085590963356,26.36506505316436,15.7633550647076,92.80149689868539,953.7209836277898,15.702722568428776,8.562810158606597,77.88904597771973,800.4657255130257,8.52987398778847,15.568745742921086,98.7407212580536,1014.7583923690169,15.508861795979035,34.4458499562129,192.89074156365547,1982.3381510496872,34.31335672360362,12.454996594336869,85.97657539320657,883.5812653159838,12.40708943678323,9.146638123966138,54.63876252354296,561.522562454451,9.111456305137684,8.17359151503357,38.490405243289835,395.56589468528966,8.142152442888992,9.341247445752652,86.8202154949918,892.2513546420306,9.305317077587421,12.260387272550355,70.66790748070731,726.2540851792292,12.21322866433349,13.719957185949207,88.12582496787898,905.6691031948923,13.667184457706526,7.005935584314488,58.175304616156446,597.8676055402398,6.978987808190566,14.595699133988518,90.2400668590821,927.3971671107869,14.539557933730347
ENSG00000004142,1427.1343121261555,9205.595805469657,33858.1813725174,1421.6449530706643,1773.5182164219684,10480.609248500277,38547.68081598402,1766.696519123632,2016.8569874932027,9757.694889513981,35888.80180363242,2009.0993068923963,1418.9777052746058,8260.291794150795,30381.35321888662,1413.519719961097,1674.8232735182164,9803.34621181101,36056.70736704089,1668.381198497865,1824.904839586732,10942.316531774737,40245.84020386748,1817.8854877139074,2549.2115280043504,11910.422404146811,43806.53360245197,2539.406187843504,1624.7960848287112,10620.901189224225,39063.6745739667,1618.5464354258509,1428.4937466014137,10023.46241870269,36866.29477598849,1422.9991585889256,926.8624252311039,6705.364546948888,24662.330803678007,923.297322350523,1111.2017400761283,9561.850239873063,35168.48518225312,1106.9275906267492,910.821098423056,5728.398553613222,21069.049880189432,907.3176972350402,2855.628058727569,16390.55502529829,60284.46138304711,2844.6441116595897,1675.095160413268,9861.564222589459,36270.83321068403,1668.6520396015171,972.2675367047308,8843.941354103576,32528.016300392956,968.5277866604489,1498.6405655247418,9504.738068818007,34958.42661711263,1492.8761633312065,1312.941816204459,7352.2447807078115,27041.556303443333,1307.8916895367192,1456.226209896683,10052.298415053208,36972.3535705657,1450.6249511614553,1553.8336052202285,9282.04923011809,34139.377068374335,1547.8569073726135,1802.3382272974443,8487.423016743007,31216.741855580774,1795.4056761107706,1216.4219684611203,11305.772387247502,41582.630840296304,1211.7430977401702,2123.9804241435563,12242.456030753727,45027.75328111221,2115.8107017313832,2743.610657966286,17622.71917812961,64816.3611371607,2733.0575769548627,2101.4138118542687,17449.54505475694,64179.42671139602,2093.3308901282467,2553.017944535073,15784.410728965539,58055.062661135256,2543.1979632946345
ENSG00000004399,722.6890756302521,4661.637987926466,33284.095233794964,719.9093093616483,484.73389355742296,2864.535859196798,20452.78603466514,482.8694030427645,640.8963585434174,3100.701319551692,22139.00742159908,638.4312014804075,496.218487394958,2888.6355890568802,20624.858105866122,494.30982230006197,581.5126050420168,3403.803543871044,24303.15730323925,579.2758628816985,543.2773109243698,3257.546460346993,23258.88172687753,541.1876377933787,278.4313725490196,1300.8866550283117,9288.330716902146,277.3604083354567,413.8655462184874,2705.3395272516677,19316.12422457691,412.2736451867579,835.9943977591037,5866.009877971467,41883.310528716276,832.7788115464493,655.8823529411765,4744.96554899677,33879.054019836934,653.3595534381005,722.4089635854342,6216.302650203372,44384.40092245207,719.6302747456167,440.4761904761905,2770.2730830384116,19779.749812894257,438.78193370976436,656.4425770308123,3767.8079772638234,26902.148957663696,653.9176226701638,393.8375350140056,2318.5871684142066,16554.71238247744,392.3226701404951,408.4033613445378,3714.919237961521,26524.523359045263,406.8324701741408,587.6750700280112,3727.1763081060876,26612.038839877467,585.4146244343947,958.6834733893558,5368.459955029795,38330.80407891274,954.9959733683106,453.64145658263305,3131.4772828677255,22358.74779967556,451.89656066325176,179.83193277310923,1074.2519968286474,7670.159257356543,179.14022349231712,2653.781512605042,12496.96974205827,89228.36395829605,2643.5739522838203,595.6582633053222,5536.21762851972,39528.59386763079,593.3671109912966,647.3389355742297,3731.2106861615725,26640.844299193628,644.8489976491353,417.6470588235294,2682.6243774233353,19153.938054802617,416.0406125031851,367.2268907563025,3049.3480814785808,21772.34530175707,365.8143816174887,378.71148459383755,2341.4397197643025,16717.879599117117,377.2548008747862
ENSG00000004455,993.0217461863032,6405.393482421374,39470.0346386805,989.2021667196683,1522.557611165206,8997.55707790027,55442.94671402148,1516.7012139506335,2492.859461213892,12060.628084094806,74317.59025419218,2483.2708748130126,1003.4079844206426,5841.136692342331,35993.08429821344,999.5484551115718,1543.8169425511198,9036.518786663231,55683.02876341883,1537.8787730028116,1601.1035378123986,9600.380979237887,59157.54759406386,1594.9450199144053,960.5647517039922,4487.949239851949,27654.743215967705,956.8700154949692,759.493670886076,4964.627443186251,30592.034304913683,756.5723386579583,1423.401493021746,9987.731067057826,61544.398835210326,1417.9264919591778,983.1223628691984,7112.375750534979,43826.459374796534,979.3408605961349,1112.3012009087959,9571.311060035074,58978.418751936115,1108.0228224704372,1037.6501135994806,6526.060298988564,40213.58356236753,1033.6588746536293,766.6342096721844,4400.2790067509895,27114.519239599595,763.6854119273922,1488.6400519311912,8763.871941947777,54002.978906282195,1482.9141159208232,757.5462512171373,6890.793290797712,42461.0682578955,754.6324095844764,1048.8477766958779,6652.044273248292,40989.89681175598,1044.8134668261505,923.4014930217462,5170.887029246466,31863.005874216724,919.8497023426887,733.8526452450503,5065.769131571121,31215.269388741242,731.0299391904462,528.399870172022,3156.4728627616278,19450.185780337153,526.367421938101,1550.1460564751703,7299.820377648504,44981.49316707008,1544.1835424916278,1278.9678675754626,11887.091795706623,73248.25964514421,1274.048419009267,942.2265498214865,5430.919690255437,33465.327131354,938.6023500530141,1392.5673482635507,8944.717882555598,55117.35159230759,1387.2109482957137,799.57805907173,6639.469716940662,40912.41239578836,796.5025454204616,1027.263875365141,6351.210719259202,39136.16045207521,1023.3125862617255
ENSG00000004468,80.42704626334519,518.7871060469022,2915.58353598359,80.11769000236765,427.0462633451957,2523.6306995384425,14182.804531406047,425.4036637293858,103.73665480427046,501.8851771423963,2820.5946955402674,103.33763998092996,235.40925266903915,1370.3873646928926,7701.576989574056,234.50376963082394,84.69750889679716,495.7651449690191,2786.200114725887,84.37172663966152,347.6868327402135,2084.765898607186,11716.384350172388,346.3494828863416,319.2170818505338,1491.445586877354,8381.924198250728,317.9892386377159,196.08540925266905,1281.763155245874,7203.508932481812,195.33118226240967,91.63701067615658,642.9990574757504,3613.654703013718,91.28453617526404,183.62989323843416,1328.4661696950247,7465.979873686038,182.9235754036359,180.60498220640568,1554.0992514233099,8734.037792999003,179.9102994522194,206.40569395017795,1298.1408541466906,7295.5516003044,205.61177080253648,298.93238434163703,1715.7933714163207,9642.758747359721,297.7825646105701,1000.711743772242,5891.35671974286,33109.42476495488,996.8625853391941,39.8576512455516,362.553224108132,2037.549119487702,39.70434194807601,29.715302491103202,188.4615786539433,1059.1540720351613,29.601004934503095,187.18861209964413,1048.2235231840837,5891.016200294551,186.46860593471413,391.2811387900356,2701.005341456084,15179.650018983191,389.77610689204977,203.55871886120997,1215.9873768605512,6833.849057956297,202.77574637767393,196.79715302491104,926.7409750930572,5208.28428002298,196.0401883686253,8.185053380782918,76.07421840438428,427.5371074326397,8.153570221479896,143.77224199288256,828.691889545299,4657.248419244581,143.21923345555987,369.7508896797153,2374.978416040719,13347.378698148837,368.32867217902657,144.48398576512454,1199.7540917820154,6742.617995814927,143.92823956177554,491.9928825622776,3041.818703512842,17095.021113742172,490.10047092156327
